topology,num of calls,secure link rate,blocking rate,blocking rate 0,br 0 stack,blocking rate 1,br 1 stack,blocking rate 2,br 2 stack,security deviations,security deviations 0,security deviations 1,security deviations 2,exposure rate,exposure rate 0,exposure rate 1,exposure rate 2
6N8E,100,0.0,59.0,0.0,0.0,100.0,25.0,100.0,34.0,0.0,0.0,0.0,0.0,100.0,100.0,0.0,0.0
6N8E,100,0.2,46.0,0.0,0.0,73.07692307692307,19.0,77.14285714285715,27.0,0.16937526611003653,0.23451959922928134,0.0,0.0,59.47348441868907,82.34790150280024,0.0,0.0
6N8E,100,0.4,28.000000000000004,0.0,0.0,57.14285714285714,16.0,41.37931034482759,12.0,0.07694598916749061,0.1288397958153331,0.0,0.0,55.08889965782478,92.24187849682289,0.0,0.0
6N8E,100,0.6,0.0,0.0,0.0,0.0,0.0,0.0,0.0,0.1881857918609058,0.5086102482727184,0.0,0.0,22.745164443670546,61.4734174153258,0.0,0.0
6N8E,100,0.8,0.0,0.0,0.0,0.0,0.0,0.0,0.0,0.24612351308677818,0.7238926855493475,0.0,0.0,16.64508229982448,48.956124411248474,0.0,0.0
6N8E,100,1.0,0.0,0.0,0.0,0.0,0.0,0.0,0.0,0.39,1.0,0.0,0.0,0.0,0.0,0.0,0.0
